first.authmale,first.authnone,corres.authmale,corres.authnone,last.authmale,last.authnone,editormale,sen.editormale,men.rev,Bias,model
0.017501526557051606,-0.17321584170315324,0.19783884489603487,-0.12502164619718945,0.06187521697096726,-0.2923172016150872,0.15804729970869533,-0.008433024719363767,0.22359810409892586,-0.36676923648753296,L2_Logistic_Regression
