first.authmale,first.authnone,corres.authmale,corres.authnone,last.authmale,last.authnone,editormale,sen.editormale,Bias,model
0.0211648715151456,-0.19679557291400893,0.22415975355406564,-0.12312260058697999,0.08980263082581293,-0.35417393012623066,0.12724861870466536,-0.2124639308315629,-0.2591884666768581,L2_Logistic_Regression
