cv_aucs,test_aucs,model
0.5917714308679731,0.594708908523313,L2_Logistic_Regression
