cv_aucs,test_aucs,model
0.611563573016295,0.6131851013090978,L2_Logistic_Regression
