cv_aucs,test_aucs,model
0.5956000134935617,0.593009209584948,L2_Logistic_Regression
