key	mean_weights	sd_weights
journal.EC	-0.9721389808245902	0.10344233769123277
journal.AEM	0.7344760751005859	0.033783515759241996
journal.JCM	0.5338903442833796	0.028861777931568112
journal.mBio	0.29074848206238063	0.039419568617705805
X.US.inst.type.R2..Institution.	0.28470780774750426	0.030105877481204798
X.US.inst.type.Industry.Research.	-0.26451291646168323	0.022463807645901106
